<?xml version="1.0"?>
<gconf>
	<dir name="desktop">
		<dir name="gnome">
			<dir name="background">
				<entry name="picture_filename" type="string">
					<stringvalue>/usr/local/share/motorola/webtop-wallpaper/bg.png</stringvalue>
				</entry>
			</dir>
                        <dir name="font_rendering">
                                <entry name="antialiasing" type="string">
                                        <stringvalue>grayscale</stringvalue>
                                </entry>
                                <entry name="dpi" type="float" value="96"/>
                                <entry name="hinting" type="string">
                                        <stringvalue>slight</stringvalue>
                                </entry>
                                <entry name="rgba_orlder" type="string">
                                        <stringvalue>rgb</stringvalue>
                                </entry>
                        </dir>
			<dir name="interface">
				<entry name="menus_have_icons"  type="bool" value="false"/>
				<entry name="buttons_have_icons"  type="bool" value="false"/>
                                <entry name="icon_theme"  type="string">
                                       <stringvalue>webtopicons</stringvalue>
                                </entry>
                                <entry name="gtk_key_theme" type="string">
                                      <stringvalue>webtop-theme</stringvalue>
                                </entry>
                                <entry name="gtk_theme" type="string">
                                      <stringvalue>webtop-theme</stringvalue>
                                </entry>
                                <entry name="toolbar_style" type="string">
                                      <stringvalue>icons</stringvalue>
                                </entry>
				<entry name="document_font_name" type="string">
					<stringvalue>Droid Sans 10</stringvalue>  
				</entry>
				<entry name="font_name" type="string">
					<stringvalue>Droid Sans 10</stringvalue>
				</entry>
				<entry name="monospace_font_name" type="string">
					<stringvalue>Droid Sans Mono 12</stringvalue>
				</entry>
                        </dir>
                </dir>
	</dir>
	<dir name="apps">
				<dir name="nautilus">
					<dir name="preferences">
						<entry name="desktop_font" type="string">
                              <stringvalue>Droid Sans 12</stringvalue>
                        </entry>
					</dir>
				</dir>
                <dir name="metacity">
                        <dir name="general">
                                <entry name="num_workspaces" type="int" value="1"/>
                                <entry name="theme" type="string">
                                        <stringvalue>webtop-theme</stringvalue>
                                </entry>
				<entry name="titlebar_font" type="string">
                                        <stringvalue>Droid Sans 11</stringvalue>
                                </entry>
                        </dir>
                        <dir name="global_keybindings">
                                <entry name="switch_windows" type="string">
                                        <stringvalue>disabled</stringvalue>
                                </entry>
                                <entry name="switch_windows_backward" type="string">
                                        <stringvalue>disabled</stringvalue>
                                </entry>
                                <entry name="switch_group" type="string">
                                        <stringvalue>disabled</stringvalue>
                                </entry>
                                <entry name="switch_group_backward" type="string">
                                        <stringvalue>disabled</stringvalue>
                                </entry>
                                <entry name="switch_panels" type="string">
                                        <stringvalue>disabled</stringvalue>
                                </entry>
                                <entry name="switch_panels_backward" type="string">
                                        <stringvalue>disabled</stringvalue>
                                </entry>
				<entry name="run_command_1" type="string">
                                        <stringvalue>&lt;Control&gt;&lt;Alt&gt;B</stringvalue>
                                </entry>
                                <entry name="run_command_2" type="string">
                                        <stringvalue>&lt;Control&gt;&lt;Alt&gt;F</stringvalue>
                                </entry>
                                <entry name="run_command_3" type="string">
                                        <stringvalue>&lt;Control&gt;&lt;Alt&gt;C</stringvalue>
                                </entry>
                                <entry name="run_command_4" type="string">
                                        <stringvalue>&lt;Control&gt;&lt;Alt&gt;A</stringvalue>
                                </entry>
                                <entry name="run_command_11" type="string">
                                        <stringvalue>&lt;Alt&gt;Tab</stringvalue>
                                </entry>
                        </dir>
                        <dir name="keybinding_commands">
				<entry name="command_1" type="string">
                                        <stringvalue>firefox</stringvalue>
                                </entry>
                                <entry name="command_2" type="string">
                                        <stringvalue>nautilus --no-desktop --browser</stringvalue>
                                </entry>                  
                                <entry name="command_3" type="string">
                                        <stringvalue>gnome-screenshot</stringvalue>
                                </entry>                  
                                <entry name="command_4" type="string">
                                        <stringvalue>gnome-screenshot --window</stringvalue>
                                </entry>                  
                                <entry name="command_11" type="string">
                                        <stringvalue>wsmessenger</stringvalue>
                                </entry>
                        </dir>
                </dir>
		<dir name="control-center">
		        <dir name="network">
				<dir name="Cellular">
					<dir name="http_proxy">
						<entry name="use_http_proxy" type="bool" value="false"/>	
					</dir>
					<dir name="proxy">
						<entry name="mode" type="string">
							<stringvalue>none</stringvalue>
						</entry>
					</dir>
				</dir>
				<dir name="Default">
					<dir name="http_proxy"></dir>
					<dir name="proxy"></dir>
				</dir>
						

			</dir>
		</dir> 	
        </dir>


</gconf>
