<?xml version="1.0"?>
<gconf>
	<dir name="apps">
		<dir name="gksu">
			<entry name="sudo-mode" mtime="1323827997" type="bool" value="true"/>
		</dir>
		<dir name="gnome_settings_daemon">
			<dir name="xrandr">
				<entry name="use_xorg_monitor_settings" mtime="1323827997" type="bool" value="true"/>
				<entry name="turn_on_external_monitors_at_startup" mtime="1323827997" type="bool" value="true"/>
			</dir>
		</dir>
		<dir name="nautilus">
			<dir name="smart-metadata">
				<dir name="xlaptop-images">
					<entry name="nautilus-default-view" mtime="1323827997" type="string">
						<stringvalue>OAFIID:Nautilus_File_Manager_Icon_View</stringvalue>
					</entry>
				</dir>
			</dir>
			<dir name="preferences">
				<entry name="exit_with_last_window" mtime="1323827997" type="bool" value="true"/>
			</dir>
			<dir name="desktop">
				<entry name="computer_icon_visible" mtime="1323827997" type="bool" value="false"/>
				<entry name="trash_icon_visible" mtime="1323827997" type="bool" value="false"/>
				<entry name="home_icon_visible" mtime="1323827997" type="bool" value="false"/>
			</dir>
		</dir>
		<dir name="metacity">
			<dir name="general">
				<entry name="num_workspaces" mtime="1323827997" type="int" value="4"/>
			</dir>
			<dir name="global_keybindings">
				<entry name="switch_windows_backward" mtime="1323827997" type="string">
					<stringvalue>&lt;Shift&gt;&lt;Alt&gt;Tab</stringvalue>
				</entry>
				<entry name="show_desktop" mtime="1323827997" type="string">
					<stringvalue>&lt;Super&gt;d</stringvalue>
				</entry>
				<entry name="run_command_terminal" mtime="1323827997" type="string">
					<stringvalue>&lt;Control&gt;&lt;Alt&gt;t</stringvalue>
				</entry>
			</dir>
		</dir>
	</dir>
	<dir name="desktop">
		<dir name="gnome">
			<dir name="url-handlers">
				<dir name="h323">
					<entry name="command" mtime="1323827997" type="string">
						<stringvalue>ekiga -c %s</stringvalue>
					</entry>
				</dir>
				<dir name="http">
					<entry name="command" mtime="1323827997" type="string">
						<stringvalue>sensible-browser %s</stringvalue>
					</entry>
				</dir>
				<dir name="https">
					<entry name="command" mtime="1323827997" type="string">
						<stringvalue>sensible-browser %s</stringvalue>
					</entry>
				</dir>
			</dir>
			<dir name="background">
				<entry name="primary_color" mtime="1323827997" type="string">
					<stringvalue>#4E3E29</stringvalue>
				</entry>
				<entry name="picture_options" mtime="1323827997" type="string">
					<stringvalue>stretched</stringvalue>
				</entry>
				<entry name="picture_filename" mtime="1323827997" type="string">
					<stringvalue>/usr/share/backgrounds/warty-final-ubuntu.png</stringvalue>
				</entry>
			</dir>
			<dir name="peripherals">
				<dir name="keyboard">
					<entry name="bell_mode" mtime="1323827997" type="string">
						<stringvalue>off</stringvalue>
					</entry>
				</dir>
				<dir name="touchpad">
					<entry name="config_migration_needed" mtime="1323827997" type="bool" value="true"/>
					<entry name="disable_while_typing" mtime="1323827997" type="bool" value="true"/>
					<entry name="tap_to_click" mtime="1323827997" type="bool" value="true"/>
				</dir>
			</dir>
			<dir name="applications">
				<dir name="browser">
					<entry name="exec" mtime="1323827997" type="string">
						<stringvalue>firefox</stringvalue>
					</entry>
				</dir>
				<dir name="media">
					<entry name="exec" mtime="1323827997" type="string">
						<stringvalue>rhythmbox</stringvalue>
					</entry>
				</dir>
			</dir>
			<dir name="sound">
				<entry name="event_sounds" mtime="1323827997" type="bool" value="true"/>
				<entry name="enable_esd" mtime="1323827997" type="bool" value="true"/>
			</dir>
			<dir name="font_rendering">
				<entry name="antialiasing" mtime="1323827997" type="string">
					<stringvalue>rgba</stringvalue>
				</entry>
				<entry name="dpi" mtime="1323827997" type="float" value="96"/>
				<entry name="hinting" mtime="1323827997" type="string">
					<stringvalue>slight</stringvalue>
				</entry>
			</dir>
		</dir>
	</dir>
</gconf>
